Bvets Motor Noise Table 0.01,,,,,,,,,,,,,,,,,,,,,,,,
#,0,1,2,3,4,5,6,7,8,9,10,11,12,13,14,15,16,17,18,19,20,21,22,23
2.930761264,0.96,0.864864865,0.8,0.755905512,,,,,,,,,,,,,,,,,,,,
18.43076126,1.3462,1.272,1.1766,1.06,,,,,,,,,,,,,,,,,,,,
8.73,,,,,,,,,,,,,,,,,,,,,,,,0.9
16.3,,,,,,,,,,,,,,,,,,,,,,,,1
0,,,,,0,0,0,0,0,0,0,0,0,0,0,0,0,0,0,0,0,0,0,
90,,,,,13.67646314,6.353159274,4.978555033,3.479747939,3.096247776,2.558638191,2.129542973,1.95993708,1.609948316,1.418172691,1.418172691,1.682320887,2.013252462,2.184423266,2.259061874,2.651679579,2.996157591,3.721306426,4.664760878,
